Year,Observation status,Unit multiplier,SERIES,Reference area,UNIT_MEASURE,Time period details,Value
2015,Normal value,Units,Proportion of forest area with a long-term management plan [15.2.1],,Percent,2021,0.4953
2016,Normal value,Units,Proportion of forest area with a long-term management plan [15.2.1],,Percent,2021,0.6318
2017,Normal value,Units,Proportion of forest area with a long-term management plan [15.2.1],,Percent,2021,0.6318
2018,Normal value,Units,Proportion of forest area with a long-term management plan [15.2.1],,Percent,2021,0.6318
2019,Normal value,Units,Proportion of forest area with a long-term management plan [15.2.1],,Percent,2021,0.668
2020,Normal value,Units,Proportion of forest area with a long-term management plan [15.2.1],,Percent,2021,0.7043
2021,Normal value,Units,Proportion of forest area with a long-term management plan [15.2.1],,Percent,2021,0.7123
