Year,Observation status,Unit multiplier,SERIES,Reference area,COMPOSITE_BREAKDOWN,UNIT_MEASURE,Time period details,Value
2015,Normal value,Units,"Net official development assistance (ODA) from OECD-DAC countries, by donor countries [17.2.1]",,,Franc CFA FCFA,2020,65.26
2016,Normal value,Units,"Net official development assistance (ODA) from OECD-DAC countries, by donor countries [17.2.1]",,,Franc CFA FCFA,2020,118.6
2017,Normal value,Units,"Net official development assistance (ODA) from OECD-DAC countries, by donor countries [17.2.1]",,,Franc CFA FCFA,2020,117.56
2018,Normal value,Units,"Net official development assistance (ODA) from OECD-DAC countries, by donor countries [17.2.1]",,,Franc CFA FCFA,2020,73.57
2019,Normal value,Units,"Net official development assistance (ODA) from OECD-DAC countries, by donor countries [17.2.1]",,,Franc CFA FCFA,2020,83.94
2020,Normal value,Units,"Net official development assistance (ODA) from OECD-DAC countries, by donor countries [17.2.1]",,,Franc CFA FCFA,2020,193.91
2015,Normal value,Units,"Net official development assistance (ODA) from OECD-DAC countries, by donor countries [17.2.1]",,volume of donations received OECD countries (Programmes),Franc CFA FCFA,2020,19.29
2016,Normal value,Units,"Net official development assistance (ODA) from OECD-DAC countries, by donor countries [17.2.1]",,volume of donations received OECD countries (Programmes),Franc CFA FCFA,2020,19.38
2017,Normal value,Units,"Net official development assistance (ODA) from OECD-DAC countries, by donor countries [17.2.1]",,volume of donations received OECD countries (Programmes),Franc CFA FCFA,2020,10.24
2018,Normal value,Units,"Net official development assistance (ODA) from OECD-DAC countries, by donor countries [17.2.1]",,volume of donations received OECD countries (Programmes),Franc CFA FCFA,2020,14.65
2019,Normal value,Units,"Net official development assistance (ODA) from OECD-DAC countries, by donor countries [17.2.1]",,volume of donations received OECD countries (Programmes),Franc CFA FCFA,2020,6.2
2020,Normal value,Units,"Net official development assistance (ODA) from OECD-DAC countries, by donor countries [17.2.1]",,volume of donations received OECD countries (Programmes),Franc CFA FCFA,2020,151.09
2015,Normal value,Units,"Net official development assistance (ODA) from OECD-DAC countries, by donor countries [17.2.1]",,volume of donations received OECD countries (Projects),Franc CFA FCFA,2021,45.97
2016,Normal value,Units,"Net official development assistance (ODA) from OECD-DAC countries, by donor countries [17.2.1]",,volume of donations received OECD countries (Projects),Franc CFA FCFA,2021,99.22
2017,Normal value,Units,"Net official development assistance (ODA) from OECD-DAC countries, by donor countries [17.2.1]",,volume of donations received OECD countries (Projects),Franc CFA FCFA,2021,107.32
2018,Normal value,Units,"Net official development assistance (ODA) from OECD-DAC countries, by donor countries [17.2.1]",,volume of donations received OECD countries (Projects),Franc CFA FCFA,2021,58.91
2019,Normal value,Units,"Net official development assistance (ODA) from OECD-DAC countries, by donor countries [17.2.1]",,volume of donations received OECD countries (Projects),Franc CFA FCFA,2021,77.74
2020,Normal value,Units,"Net official development assistance (ODA) from OECD-DAC countries, by donor countries [17.2.1]",,volume of donations received OECD countries (Projects),Franc CFA FCFA,2021,42.82
2021,Normal value,Units,"Net official development assistance (ODA) from OECD-DAC countries, by donor countries [17.2.1]",,volume of donations received OECD countries (Projects),Franc CFA FCFA,2021,65.29
