Year,Observation status,Unit multiplier,SERIES,Reference area,UNIT_MEASURE,Time period details,Value
2015,Normal value,Units,Prevalence of moderate or severe food insecurity in the population [2.1.2],,Percent,2020,14.0
2016,Normal value,Units,Prevalence of moderate or severe food insecurity in the population [2.1.2],,Percent,2020,21.0
2017,Normal value,Units,Prevalence of moderate or severe food insecurity in the population [2.1.2],,Percent,2020,22.1
2018,Normal value,Units,Prevalence of moderate or severe food insecurity in the population [2.1.2],,Percent,2020,15.6
2019,Normal value,Units,Prevalence of moderate or severe food insecurity in the population [2.1.2],,Percent,2020,15.06
2020,Normal value,Units,Prevalence of moderate or severe food insecurity in the population [2.1.2],,Percent,2020,25.0
