Year,Observation status,Unit multiplier,SERIES,Reference area,UNIT_MEASURE,Time period details,Value
2015,Normal value,Units,Prevalence of moderate or severe food insecurity in the population [2.1.2],,Percent,2021,14.0
2016,Normal value,Units,Prevalence of moderate or severe food insecurity in the population [2.1.2],,Percent,2021,23.0
2017,Normal value,Units,Prevalence of moderate or severe food insecurity in the population [2.1.2],,Percent,2021,25.0
2018,Normal value,Units,Prevalence of moderate or severe food insecurity in the population [2.1.2],,Percent,2021,15.6
2019,Normal value,Units,Prevalence of moderate or severe food insecurity in the population [2.1.2],,Percent,2021,16.47
2020,Normal value,Units,Prevalence of moderate or severe food insecurity in the population [2.1.2],,Percent,2021,23.1
2021,Normal value,Units,Prevalence of moderate or severe food insecurity in the population [2.1.2],,Percent,2021,17.4
