Year,Observation status,Unit multiplier,SERIES,Reference area,Age,UNIT_MEASURE,Time period details,Value
2015,Normal value,Units,Proportion of children moderately or severely stunted [2.2.1],,under 5 years old,Percent,2019,20.5
2016,Normal value,Units,Proportion of children moderately or severely stunted [2.2.1],,under 5 years old,Percent,2019,17.0
2017,Normal value,Units,Proportion of children moderately or severely stunted [2.2.1],,under 5 years old,Percent,2019,16.5
2018,Normal value,Units,Proportion of children moderately or severely stunted [2.2.1],,under 5 years old,Percent,2019,18.8
2019,Normal value,Units,Proportion of children moderately or severely stunted [2.2.1],,under 5 years old,Percent,2019,17.9
