Year,Observation status,Unit multiplier,SERIES,Reference area,UNIT_MEASURE,Time period details,Value
2015,Normal value,Units,Proportion of births attended by skilled health personnel [3.1.2],,Percent,2020,53.2
2016,Normal value,Units,Proportion of births attended by skilled health personnel [3.1.2],,Percent,2020,59.0
2017,Normal value,Units,Proportion of births attended by skilled health personnel [3.1.2],,Percent,2020,65.0
2018,Normal value,Units,Proportion of births attended by skilled health personnel [3.1.2],,Percent,2020,74.2
2019,Normal value,Units,Proportion of births attended by skilled health personnel [3.1.2],,Percent,2020,74.5
2020,Normal value,Units,Proportion of births attended by skilled health personnel [3.1.2],,Percent,2020,96.3
