Year,Observation status,Unit multiplier,SERIES,Reference area,Age,UNIT_MEASURE,Time period details,Value
2015,Normal value,Units,Neonatal mortality rate [3.2.2],,under 1 month old,"Per 1,000 live births",2019,23
2016,Normal value,Units,Neonatal mortality rate [3.2.2],,under 1 month old,"Per 1,000 live births",2019,23
2017,Normal value,Units,Neonatal mortality rate [3.2.2],,under 1 month old,"Per 1,000 live births",2019,23
2018,Normal value,Units,Neonatal mortality rate [3.2.2],,under 1 month old,"Per 1,000 live births",2019,23
2019,Normal value,Units,Neonatal mortality rate [3.2.2],,under 1 month old,"Per 1,000 live births",2019,23
