Year,Observation status,Unit multiplier,SERIES,Reference area,Age,UNIT_MEASURE,Time period details,Value
2015,Normal value,Units,Under-five mortality rate [3.2.1],,under 5 years old,"Per 1,000 live births",2019,59
2016,Normal value,Units,Under-five mortality rate [3.2.1],,under 5 years old,"Per 1,000 live births",2019,51
2017,Normal value,Units,Under-five mortality rate [3.2.1],,under 5 years old,"Per 1,000 live births",2019,56
2018,Normal value,Units,Under-five mortality rate [3.2.1],,under 5 years old,"Per 1,000 live births",2019,51
2019,Normal value,Units,Under-five mortality rate [3.2.1],,under 5 years old,"Per 1,000 live births",2019,37
