Year,Observation status,Unit multiplier,SERIES,Reference area,UNIT_MEASURE,Time period details,Value
2015,Normal value,Units,Tuberculosis incidence [3.3.2],,"Per 100,000 population",2020,123
2016,Normal value,Units,Tuberculosis incidence [3.3.2],,"Per 100,000 population",2020,122
2017,Normal value,Units,Tuberculosis incidence [3.3.2],,"Per 100,000 population",2020,120
2018,Normal value,Units,Tuberculosis incidence [3.3.2],,"Per 100,000 population",2020,118
2019,Normal value,Units,Tuberculosis incidence [3.3.2],,"Per 100,000 population",2020,118
2020,Normal value,Units,Tuberculosis incidence [3.3.2],,"Per 100,000 population",2020,117
