Year,Observation status,Unit multiplier,SERIES,Reference area,UNIT_MEASURE,Time period details,Value
2015,Normal value,Units,"Malaria incidence per 1,000 population at risk [3.3.3]",,"Per 1,000 population",2019,34.5
2016,Normal value,Units,"Malaria incidence per 1,000 population at risk [3.3.3]",,"Per 1,000 population",2019,45.65
2017,Normal value,Units,"Malaria incidence per 1,000 population at risk [3.3.3]",,"Per 1,000 population",2019,52.3
2019,Normal value,Units,"Malaria incidence per 1,000 population at risk [3.3.3]",,"Per 1,000 population",2019,21.9
