Year,Observation status,Unit multiplier,SERIES,Reference area,Sex,Age,UNIT_MEASURE,Time period details,Value
2015,Normal value,Units,Proportion of women of reproductive age (aged 15-49 years) who have their need for family planning satisfied with modern methods [3.7.1],,Female,15 to 49 years old,Percent,2020,21.2
2016,Normal value,Units,Proportion of women of reproductive age (aged 15-49 years) who have their need for family planning satisfied with modern methods [3.7.1],,Female,15 to 49 years old,Percent,2020,23.1
2017,Normal value,Units,Proportion of women of reproductive age (aged 15-49 years) who have their need for family planning satisfied with modern methods [3.7.1],,Female,15 to 49 years old,Percent,2020,26.3
2018,Normal value,Units,Proportion of women of reproductive age (aged 15-49 years) who have their need for family planning satisfied with modern methods [3.7.1],,Female,15 to 49 years old,Percent,2020,25.4
2019,Normal value,Units,Proportion of women of reproductive age (aged 15-49 years) who have their need for family planning satisfied with modern methods [3.7.1],,Female,15 to 49 years old,Percent,2020,25.5
2020,Normal value,Units,Proportion of women of reproductive age (aged 15-49 years) who have their need for family planning satisfied with modern methods [3.7.1],,Female,15 to 49 years old,Percent,2020,26.0
