Year,Observation status,Unit multiplier,SERIES,Reference area,Sex,Age,Education level,UNIT_MEASURE,Time period details,Value
2017,Normal value,Units,Adult literacy rate.,,,15 years old and over,Primary and lower secondary education (basic education),Percent,2018,52.1
2018,Normal value,Units,Adult literacy rate.,,,15 years old and over,Primary and lower secondary education (basic education),Percent,2018,51.8
2015,Normal value,Units,Adult literacy rate.,,Female,15 years old and over,Primary and lower secondary education (basic education),Percent,2016,42.1
2016,Normal value,Units,Adult literacy rate.,,Female,15 years old and over,Primary and lower secondary education (basic education),Percent,2016,44.9
2015,Normal value,Units,Adult literacy rate.,,Male,15 years old and over,Primary and lower secondary education (basic education),Percent,2016,56.6
2016,Normal value,Units,Adult literacy rate.,,Male,15 years old and over,Primary and lower secondary education (basic education),Percent,2016,59.5
